id,rsquared
0,0.9990924748399458
1,1.0
2,1.0
3,0.9987297405371752
4,1.0
5,1.0
6,0.9990924748399458
7,1.0
8,0.9991683497683258
9,1.0
10,1.0
11,0.9991896535813009
12,0.9992862969004898
13,0.9991421306057502
14,0.9987769039221042
15,1.0
16,1.0
17,1.0
18,0.999319157356658
19,0.9990520678290459
20,1.0
21,0.9991031081323212
22,1.0
23,1.0
24,1.0
25,0.998664045589992
26,0.9991117309041789
27,1.0
28,1.0
29,1.0
