id,rsquared
0,1.0
1,0.9905697871105069
2,0.9991297943787295
3,0.9924050851670134
4,1.0
5,1.0
6,0.7190530403879449
7,1.0
8,0.99919482885939
9,1.0
10,1.0
11,1.0
12,0.9992237585721627
13,0.9878885639253197
14,0.9913603877417259
15,0.9991490210808015
16,1.0
17,1.0
18,1.0
19,1.0
20,1.0
21,1.0
22,0.9742431053174327
23,0.42170929507174065
24,0.7372510768105839
25,0.9992969800862945
26,0.9992081678940173
27,0.9497677987005197
28,0.9876364359984819
29,0.9921426146968714
