id,rsquared
0,0.34193973875106026
1,0.0022248217442649475
2,0.0036204563198554518
3,0.48329304744182033
4,0.21732927037648808
5,0.48462673781006255
6,0.16642110791685108
7,0.47178658273986335
8,0.22495119899451285
9,0.4178586277814489
