id,rsquared
0,0.813374646886668
1,0.9986242124785443
2,1.0
3,1.0
