id,rsquared
0,0.876337062819239
1,0.7767796196060742
2,1.0
3,1.0
4,0.881345082476872
